{"cameraMode":{"drawMode":0,"name":"Shaded","section":"Shading Mode"},"sceneLighting":true,"audioPlay":false,"sceneViewState":{"showFog":true,"showMaterialUpdate":false,"showSkybox":true,"showFlares":true,"showImageEffects":true,"showParticleSystems":true},"in2DMode":false,"pivot":{"x":-3.533290147781372,"y":-2.267831802368164,"z":-0.7714948654174805},"rotation":{"x":-0.10532845556735993,"y":0.8679057359695435,"z":-0.20854027569293977,"w":-0.4383571147918701},"size":10.0,"orthographic":false}